Workbook

Sheet Scores
A1: Case | B1: Bucket | C1: Q1 | D1: Q2 | E1: Q3 | F1: Q4 | G1: Q5 | H1: Q6 | I1: Overall
I2: =IF(COUNT(C2:H2)=0,"",IF(COUNT(C2:H2)<6,"incomplete",IF(SUM(C2:H2)=6,1,0)))
I3: =IF(COUNT(C3:H3)=0,"",IF(COUNT(C3:H3)<6,"incomplete",IF(SUM(C3:H3)=6,1,0)))
I4: =IF(COUNT(C4:H4)=0,"",IF(COUNT(C4:H4)<6,"incomplete",IF(SUM(C4:H4)=6,1,0)))
I5: =IF(COUNT(C5:H5)=0,"",IF(COUNT(C5:H5)<6,"incomplete",IF(SUM(C5:H5)=6,1,0)))
I6: =IF(COUNT(C6:H6)=0,"",IF(COUNT(C6:H6)<6,"incomplete",IF(SUM(C6:H6)=6,1,0)))
I7: =IF(COUNT(C7:H7)=0,"",IF(COUNT(C7:H7)<6,"incomplete",IF(SUM(C7:H7)=6,1,0)))
I8: =IF(COUNT(C8:H8)=0,"",IF(COUNT(C8:H8)<6,"incomplete",IF(SUM(C8:H8)=6,1,0)))
I9: =IF(COUNT(C9:H9)=0,"",IF(COUNT(C9:H9)<6,"incomplete",IF(SUM(C9:H9)=6,1,0)))
I10: =IF(COUNT(C10:H10)=0,"",IF(COUNT(C10:H10)<6,"incomplete",IF(SUM(C10:H10)=6,1,0)))
I11: =IF(COUNT(C11:H11)=0,"",IF(COUNT(C11:H11)<6,"incomplete",IF(SUM(C11:H11)=6,1,0)))
I12: =IF(COUNT(C12:H12)=0,"",IF(COUNT(C12:H12)<6,"incomplete",IF(SUM(C12:H12)=6,1,0)))
I13: =IF(COUNT(C13:H13)=0,"",IF(COUNT(C13:H13)<6,"incomplete",IF(SUM(C13:H13)=6,1,0)))
... I111: =IF(COUNT(C111:H111)=0,"",IF(COUNT(C111:H111)<6,"incomplete",IF(SUM(C111:H111)=6,1,0)))

Sheet Dashboard
A1: Eval harness: pass rate by bucket
A3: Bucket | B3: Target cases | C3: Scored cases | D3: Passed | E3: Pass rate
A4: Common path | B4: 20 | C4: =COUNTIFS(Scores!$B$2:$B$111,A4,Scores!$I$2:$I$111,">=0") | D4: =COUNTIFS(Scores!$B$2:$B$111,A4,Scores!$I$2:$I$111,1) | E4: =IF(C4=0,"",AVERAGEIF(Scores!$B$2:$B$111,A4,Scores!$I$2:$I$111))
A5: Known failure | B5: 15 | C5: =COUNTIFS(Scores!$B$2:$B$111,A5,Scores!$I$2:$I$111,">=0") | D5: =COUNTIFS(Scores!$B$2:$B$111,A5,Scores!$I$2:$I$111,1) | E5: =IF(C5=0,"",AVERAGEIF(Scores!$B$2:$B$111,A5,Scores!$I$2:$I$111))
A6: Edge case | B6: 10 | C6: =COUNTIFS(Scores!$B$2:$B$111,A6,Scores!$I$2:$I$111,">=0") | D6: =COUNTIFS(Scores!$B$2:$B$111,A6,Scores!$I$2:$I$111,1) | E6: =IF(C6=0,"",AVERAGEIF(Scores!$B$2:$B$111,A6,Scores!$I$2:$I$111))
A7: Adversarial | B7: 5 | C7: =COUNTIFS(Scores!$B$2:$B$111,A7,Scores!$I$2:$I$111,">=0") | D7: =COUNTIFS(Scores!$B$2:$B$111,A7,Scores!$I$2:$I$111,1) | E7: =IF(C7=0,"",AVERAGEIF(Scores!$B$2:$B$111,A7,Scores!$I$2:$I$111))
A8: All cases | B8: =SUM(B4:B7) | C8: =SUM(C4:C7) | D8: =SUM(D4:D7) | E8: =IF(C8=0,"",D8/C8)
A10: Checks (all three should read OK)
A11: Every scored row has a valid bucket | B11: =IF(SUMPRODUCT(--ISNUMBER(Scores!$I$2:$I$111))=C8,"OK","CHECK: a scored row has a missing or misspelled bucket")
A12: No half-scored rows | B12: =IF(COUNTIF(Scores!$I$2:$I$111,"incomplete")=0,"OK","CHECK: "&COUNTIF(Scores!$I$2:$I$111,"incomplete")&" row(s) missing a score")
A13: Scored cases match your plan | B13: =IF(C8=B8,"OK","Scored "&C8&" of "&B8&" planned")
A15: Read the pass rate by bucket, never only the all-cases line. A flat aggregate can hide one bucket collapsing.
