Workbook

Sheet Queries
A1: # | B1: Test query (a real question) | C1: Known correct source document | D1: Chunks kept (k) | E1: Rank of first correct chunk (blank = not found) | F1: Relevant chunks among those kept | G1: Found? | H1: Reciprocal rank | I1: Precision | J1: Notes
A2: 1 | G2: =IF(D2="","",IF(E2="",0,1)) | H2: =IF(D2="","",IF(E2="",0,1/E2)) | I2: =IF(OR(D2="",F2=""),"",F2/D2)
A3: 2 | G3: =IF(D3="","",IF(E3="",0,1)) | H3: =IF(D3="","",IF(E3="",0,1/E3)) | I3: =IF(OR(D3="",F3=""),"",F3/D3)
A4: 3 | G4: =IF(D4="","",IF(E4="",0,1)) | H4: =IF(D4="","",IF(E4="",0,1/E4)) | I4: =IF(OR(D4="",F4=""),"",F4/D4)
A5: 4 | G5: =IF(D5="","",IF(E5="",0,1)) | H5: =IF(D5="","",IF(E5="",0,1/E5)) | I5: =IF(OR(D5="",F5=""),"",F5/D5)
A6: 5 | G6: =IF(D6="","",IF(E6="",0,1)) | H6: =IF(D6="","",IF(E6="",0,1/E6)) | I6: =IF(OR(D6="",F6=""),"",F6/D6)
A7: 6 | G7: =IF(D7="","",IF(E7="",0,1)) | H7: =IF(D7="","",IF(E7="",0,1/E7)) | I7: =IF(OR(D7="",F7=""),"",F7/D7)
A8: 7 | G8: =IF(D8="","",IF(E8="",0,1)) | H8: =IF(D8="","",IF(E8="",0,1/E8)) | I8: =IF(OR(D8="",F8=""),"",F8/D8)
A9: 8 | G9: =IF(D9="","",IF(E9="",0,1)) | H9: =IF(D9="","",IF(E9="",0,1/E9)) | I9: =IF(OR(D9="",F9=""),"",F9/D9)
A10: 9 | G10: =IF(D10="","",IF(E10="",0,1)) | H10: =IF(D10="","",IF(E10="",0,1/E10)) | I10: =IF(OR(D10="",F10=""),"",F10/D10)
A11: 10 | G11: =IF(D11="","",IF(E11="",0,1)) | H11: =IF(D11="","",IF(E11="",0,1/E11)) | I11: =IF(OR(D11="",F11=""),"",F11/D11)
A12: 11 | G12: =IF(D12="","",IF(E12="",0,1)) | H12: =IF(D12="","",IF(E12="",0,1/E12)) | I12: =IF(OR(D12="",F12=""),"",F12/D12)
A13: 12 | G13: =IF(D13="","",IF(E13="",0,1)) | H13: =IF(D13="","",IF(E13="",0,1/E13)) | I13: =IF(OR(D13="",F13=""),"",F13/D13)
... A31: 30 | G31: =IF(D31="","",IF(E31="",0,1)) | H31: =IF(D31="","",IF(E31="",0,1/E31)) | I31: =IF(OR(D31="",F31=""),"",F31/D31)

Sheet Summary
A1: Retrieval quality scorecard
A2: Measure | B2: Value
A3: Queries scored | B3: =COUNT(Queries!G2:G31)
A4: Hit rate (known source found anywhere in the kept chunks) | B4: =IF(B3=0,"",SUM(Queries!G2:G31)/B3)
A5: Queries where the source was not found | B5: =B3-SUM(Queries!G2:G31)
A6: Average rank when found | B6: =IFERROR(AVERAGE(Queries!E2:E31),"")
A7: Mean reciprocal rank (not found counts as 0) | B7: =IF(B3=0,"",AVERAGE(Queries!H2:H31))
A8: Mean precision (relevant chunks over chunks kept) | B8: =IFERROR(AVERAGE(Queries!I2:I31),"")
A11: Checks (all should read OK)
A12: Every scored query has its relevant-chunk count | B12: =IF(SUMPRODUCT((Queries!D2:D31<>"")*(Queries!F2:F31=""))=0,"OK","CHECK: a scored query has no relevant-chunk count")
A13: No rank beyond the chunks kept | B13: =IF(SUMPRODUCT((Queries!E2:E31<>"")*(Queries!E2:E31>Queries!D2:D31))=0,"OK","CHECK: a rank is larger than k")
A14: No more relevant chunks than chunks kept | B14: =IF(SUMPRODUCT((Queries!F2:F31>Queries!D2:D31))=0,"OK","CHECK: relevant count is larger than k")
A15: A found source counts as at least one relevant chunk | B15: =IF(SUMPRODUCT((Queries!E2:E31<>"")*(Queries!F2:F31=0))=0,"OK","CHECK: source found but zero relevant chunks")
A17: This scores retrieval only. Score the final answers separately against the rubric (A05).
